"f_1(U_f_1), créé par Plot Digitizer, 2.6.9"
"Date: 6/12/21, 21:21:11"


22
U_f_1,f_1
3.58090,0.830670,
4.06485,0.875605,
4.23261,0.914299,
4.42495,0.931951,
4.56163,0.962581,
4.71680,0.981876,
5.09481,0.973518,
5.22516,0.991214,
5.37996,0.976548,
5.52263,0.986149,
5.66520,0.987663,
5.82016,0.987552,
5.88836,0.989120,
5.95024,0.979372,
6.17959,0.980825,
6.30351,0.975884,
6.57625,0.977305,
6.63829,0.982112,
6.86566,1.38303,
7.07678,1.41846,
7.38089,1.45544,
7.75432,1.60072,
